site,longitude,latitude,date,cropland,pop_size
Gilgal I,35.48,32.03,-9250,0,47.04568099975586
Hallan Çemi Tepesi,41.24,38.22,-9485,0,3.0094359666109085
Jerf el Ahmar,38.18,36.38,-9100,0,16.822860717773438
Wadi Faynan 16,35.51,30.62,-9400,0,3.79274582862854
"Abu Salem G 08, Ramat Harif, G VIII",34.55,30.51,-8400,0,4.0382965207099915
Ganj Dareh,47.48,34.27,-8250,0,3.994346022605896
Nahal Oren,34.97,32.72,-8375,0,60.6116828918457
Shkārat Msaied,35.44,30.44,-8100,0,3.5286777019500732
Çayönü,39.73,38.22,-8950,0.0022639036178588867,2.656025767326355
Asana,-70.63,-17.04,-7625,0,13.087201595306396
Aşıklı Höyük,34.23,38.35,-7750,0.012905976735055447,6.412399768829346
Aşıklı Höyük,34.23,38.35,-7850,0.012905976735055447,6.412399768829346
Bouqras,40.4,35.09,-7250,0,7.141631603240967
Can Hasan III,33.33,37.26,-7307.5,0,1.6901205778121948
Canhasan III,33.33,37.26,-7125,0,1.6901205778121948
Parekklesia-Shillourokambos,33.16,34.77,-7450,0,13.00173568725586
Çayönü,39.73,38.22,-7800,0.007026740204310045,3.9840385913848877
Beidha,35.45,30.37,-6785,0.01537066325545311,3.738412380218506
Büyük Güllücek,34.77,40.35,-6175,0,8.346709251403809
Khirokitia,33.34,34.8,-6250,0,21.669559478759766
Kuruçay Höyük,30.16,37.64,-6390,0.04258715733885765,7.586770534515381
Mavropigi,21.73,40.45,-6250,0,0.27228477597236633
Nea Nikomedeia,22.25,40.59,-6150,0,0.46973884105682373
Tell Sabi Abyad,39.09,36.5,-6422.5,0.1865932047367096,13.75859546661377
Tell es Sawwan,43.9,34.12,-6025,0.02497599460184574,5.590707302093506
Xiaojingshan,117.53,36.84,-6150,0,43.24826431274414
Çatalhöyük,32.83,37.67,-6700,0.04070192575454712,2.354309558868408
Asana,-70.63,-17.04,-5072.5,0,18.84510612487793
Aşağı Pınar,27.23,41.72,-5350,0.007918654009699821,29.239526748657227
Aşağı Pınar,27.23,41.72,-5200,0.007918654009699821,29.239526748657227
Bruchenbrücken,8.79,50.3,-5300,0,4.490476608276367
Chagylly,60,36,-5500,0.08690292946994305,5.744712829589844
Drenovac,21.43,43.76,-5050,0,25.486589431762695
Džejtun,58.35,38.19,-5750,0,18.04487109184265
Forsterbahnried,8.8,47.76,-5075,0,5.508613348007202
Hlebozavoda layer I,25.57,41.93,-5050,0.1518700085580349,7.279692649841309
Hlebozavoda layer II,25.57,41.93,-5050,0.1518700085580349,7.279692649841309
Ikeda B Iseki,138.89,35.16,-5650,0,7.979020595550537
Karanovo Bebaungsphase III,25.91,42.51,-5700,0.10216972976922989,7.078535079956055
Köln-Lindenthal,6.88,50.92,-5100,0,11.736039161682129
Mehrgarh,67.61,29.38,-6000,0,2.1156532168388367
Mehrgarh,67.61,29.38,-5100,0,2.1156532168388367
Ovcharovo-gorata,26.65,43.19,-5700,0.07501734793186188,7.190561771392822
Schwanfeld,10.14,49.92,-5437.5,0,4.899929523468018
Sesklo,22.84,39.36,-5600,0.03025824949145317,4.434913635253906
Stephansposching,12.81,48.82,-5065,0,4.348917484283447
Tell Abada,45.12,34.1,-5100,0.7827144265174866,15.69788646697998
Vaihingen,8.96,48.95,-5235,0,4.369648456573486
Xihe,117.34,36.73,-5850,0.04167615156620741,56.81544303894043
Çavi Tarlası,38.73,38.9,-5500,0.2841290533542633,16.09700298309326
Čopan-Tepe,57.96,38.16,-5825,0,7.173228740692139
Adâncata-Dealul Lipovanului A,26.28,47.77,-4275,3.4845236223191023e-4,8.443684577941895
Aichbühl,9.67,48.04,-4100,0.004726925399154425,5.235316753387451
Akča-Tepe,60,37,-4250,0,12.95789647102356
Altyn-Tepe,60.43,36.86,-4500,0,18.907730102539062
Baia-În Muchie,26.22,47.42,-4975,0,8.389514923095703
Banjica,20.47,44.76,-4900,0,47.31608200073242
Belovode,21.41,44.31,-5000,0,42.92848014831543
Chizhivka,30.7,49.16,-4020,0,16.5706729888916
Căscioarele layer 1,26.47,44.13,-4350,0.12774039804935455,8.160555839538574
Căscioarele layer 2,26.47,44.13,-4350,0.12774039804935455,8.160555839538574
Căscioarele layer I,26.47,44.13,-4350,0.12774039804935455,8.160555839538574
Căscioarele layer II,26.47,44.13,-4350,0.12774039804935455,8.160555839538574
Dawenkou,117.08,35.94,-4250,0.3432835042476654,192.83595275878906
Değirmentepe,41.24,38.22,-4150,1.4073216180258896,48.24491882324219
Dimini,22.89,39.36,-4900,0.05818893760442734,8.528679847717285
Divostin,20.83,44.02,-4900,0,43.55570602416992
Dolnoslav layer I,24.97,41.93,-4350,0.06353650946402922,11.662493228912354
Durankulak phase IV,28.54,43.67,-4465,0.7545130252838135,10.817061424255371
Golyamo Delchevo phase III,20.15,44.57,-4725,0,39.799705505371094
Golyamo Delchevo phase IV,20.15,44.57,-4725,0,39.799705505371094
Golyamo Delchevo phase IX,20.15,44.57,-4550,0,39.799705505371094
Golyamo Delchevo phase V,20.15,44.57,-4725,0,39.799705505371094
Golyamo Delchevo phase VI,20.15,44.57,-4725,0,39.799705505371094
Golyamo Delchevo phase VII,20.15,44.57,-4725,0,39.799705505371094
Golyamo Delchevo phase VIII,20.15,44.57,-4550,0,39.799705505371094
Golyamo Delchevo phase X,20.15,44.57,-4550,0,39.799705505371094
Golyamo Delchevo phase XI,20.15,44.57,-4350,0,39.799705505371094
Golyamo Delchevo phase XII,20.15,44.57,-4350,0,39.799705505371094
Golyamo Delchevo phase XIII,20.15,44.57,-4350,0,39.799705505371094
Golyamo Delchevo phase XIV,20.15,44.57,-4350,0,39.799705505371094
Golyamo Delchevo phase XV,20.15,44.57,-4350,0,39.799705505371094
Golyamo Delchevo phase XVI,20.15,44.57,-4350,0,39.799705505371094
Gomolava,19.75,44.89,-4900,0,41.4637336730957
Habasesti,26.96,47.16,-4182,0.08324500918388367,9.292613983154297
Haryachkivka 3,28.77,48.34,-4035,0,20.710052490234375
Haryachkivka 7,28.77,48.32,-4140,0,20.710052490234375
Haryachkivka 8,28.77,48.31,-4190,0,20.710052490234375
Hrebenyukiv Yar,30.72,48.82,-4490,0,23.340866088867188
Hăbăşeşti,26.96,47.15,-4350,0.08324500918388367,9.292613983154297
Ikenai Iseki,140.57,40.26,-4282.5,0,2.698787808418274
Imakumano Iseki,140.85,38.17,-4415,0,6.756807327270508
Inden 1,6.36,50.85,-4600,0.0069578574039042,13.89183235168457
Jiangzhai,109.2,34.38,-4500,0.08319088816642761,36.4776725769043
Mersin-Yumuktepe,34.6,36.8,-4700,1.0047727823257446,54.35783767700195
Obre II,18.14,44.1,-4900,0,36.4085578918457
Okolište phase 2,18.14,44.03,-4925,0,36.4085578918457
Okolište phase 3,18.14,44.03,-4775,0,36.4085578918457
Opovo,20.43,45.05,-4900,0,54.83245849609375
Ovcharovo phase I,26.65,43.19,-4850,0.2034226357936859,13.182696342468262
Ovcharovo phase II,26.65,43.19,-4850,0.2034226357936859,13.182696342468262
Ovcharovo phase III,26.65,43.19,-4725,0.2034226357936859,13.182696342468262
Ovcharovo phase IV,26.65,43.19,-4725,0.2034226357936859,13.182696342468262
Ovcharovo phase IX,26.65,43.19,-4550,0.2034226357936859,13.182696342468262
Ovcharovo phase V,26.65,43.19,-4725,0.2034226357936859,13.182696342468262
Ovcharovo phase VI,26.65,43.19,-4725,0.2034226357936859,13.182696342468262
Ovcharovo phase VII,26.65,43.19,-4725,0.2034226357936859,13.182696342468262
Ovcharovo phase VIII,26.65,43.19,-4550,0.2034226357936859,13.182696342468262
Ovcharovo phase X,26.65,43.19,-4550,0.2034226357936859,13.182696342468262
Ovcharovo phase XI,26.65,43.19,-4350,0.2034226357936859,13.182696342468262
Ovcharovo phase XII,26.65,43.19,-4350,0.2034226357936859,13.182696342468262
Paralimni-Nissia,34.06,35,-4250,NA,NA
Plocnik,21.36,43.21,-4925,0,34.337608337402344
Polyanitsa phase I,26.55,43.21,-4850,0.2034226357936859,13.182696342468262
Polyanitsa phase II,26.55,43.21,-4850,0.2034226357936859,13.182696342468262
Polyanitsa phase III,26.55,43.21,-4850,0.2034226357936859,13.182696342468262
Polyanitsa phase IV,26.55,43.21,-4725,0.2034226357936859,13.182696342468262
Polyanitsa phase V,26.55,43.21,-4725,0.2034226357936859,13.182696342468262
Polyanitsa phase VI,26.55,43.21,-4725,0.2034226357936859,13.182696342468262
Polyanitsa phase VII,26.55,43.21,-4725,0.2034226357936859,13.182696342468262
Polyanitsa phase VIII,26.55,43.21,-4550,0.2034226357936859,13.182696342468262
Putinesti 3,28.08,47.86,-4325,0.196811705827713,41.05875015258789
Radingrad phase I,26.6,43.52,-4850,0.26149576902389526,11.032514572143555
Radingrad phase II,26.6,43.52,-4725,0.26149576902389526,11.032514572143555
Radingrad phase III,26.6,43.52,-4725,0.26149576902389526,11.032514572143555
Radingrad phase IV,26.6,43.52,-4550,0.26149576902389526,11.032514572143555
Radingrad phase V,26.6,43.52,-4450,0.26149576902389526,11.032514572143555
Raduvanu layer 2,26.51,44.2,-4350,0.12774039804935455,8.160555839538574
Ripiceni-Holm,27.15,47.96,-4050,0.09136407822370529,26.36302947998047
Sotira-Teppes,32.86,34.71,-4500,0,94.11048889160156
Stubline,20.15,44.57,-4900,0,39.799705505371094
Targovishte I,26.57,43.25,-4775,0.2034226357936859,13.182696342468262
Targovishte II,26.57,43.25,-4725,0.2034226357936859,13.182696342468262
Targovishte III,26.57,43.25,-4725,0.2034226357936859,13.182696342468262
Targovishte IV,26.57,43.25,-4550,0.2034226357936859,13.182696342468262
Tepe Gawra,43.26,36.5,-4350,0.8860942125320435,35.804595947265625
Tepe Gawra,43.26,36.5,-4050,0.8860942125320435,35.804595947265625
Ternivka,28.86,48.42,-4105,0,20.487890243530273
Traian-Dealul Fîntînilor layer III,26.58,46.84,-4150,0.06594426184892654,6.295634746551514
Trusesti,27.02,47.75,-4375,0.0953669548034668,21.851208686828613
Veselyj Kut,30.62,48.97,-4035,0,21.472630500793457
Vilshanka,28.6,48.21,-4135,0.09295635670423508,32.111735343933105
Visviki,22.75,39.39,-4900,0.05818893760442734,8.528679847717285
Zabolotne,28.87,48.42,-4145,0,20.487890243530273
Zagheh,49.98,35.82,-4805,3.28011953830719,121.90658569335938
Adâncata-Dealul Lipovanului B,26.28,47.77,-3900,0.21626946330070496,13.878532409667969
"Aeschi SO, Burgäschisee-Ost",7.67,47.17,-3830,0.050072167068719864,10.05396842956543
Akyuu Iseki,138.19,35.96,-3002.5,0,9.954559326171875
Apolyanka,30.43,48.73,-3637.5,0.1484726518392563,22.871793746948242
Arbon Bleiche 3,9.43,47.5,-3376.5,0.030541719868779182,9.295232772827148
Bad Buchau - Torwiesen II,9.61,48.06,-3276.5,0.014180776663124561,10.470633506774902
Beizhuang,120.62,37.97,-3500,NA,NA
Bilyj Kamin,29.4,48.27,-3850,0.2848116531968117,25.807342529296875
Concise - E6,6.72,46.85,-3529.5,0.08141390234231949,10.682709693908691
Cunicea 3,28.67,47.91,-3600,0.6585105061531067,50.506465911865234
Cunicea 3,28.64,47.94,-3220,0.6585105061531067,50.506465911865234
Dobrovody,30.38,48.76,-3750,0.1484726518392563,22.871793746948242
"Egolzwil LU ""Station 4a""",8.01,47.18,-3800,0.050072167068719864,10.05396842956543
"Egolzwil LU ""Station 4d""",8.01,47.18,-3800,0.050072167068719864,10.05396842956543
Habuba Kebira South,38.06,36.15,-3200,4.952886581420898,149.2171401977539
Hassek Höyük,38.93,37.75,-3550,1.0787956714630127,99.9060287475586
Hauterive-Champréveyres,6.97,47.01,-3892,0.027937710285186768,14.699042320251465
Hlybochock,27.16,48.86,-3880,0.044056233018636703,20.922531127929688
Hornstaad-Hörnle IA,9.01,47.7,-3912,0.035538449883461,15.604029655456543
Izuyamadai Iseki,139.98,35.35,-3007.5,0,17.904836654663086
Jebel al-Mutawwaq,35.99,32.21,-3200,2.3228399753570557,206.57989501953125
Kakura Kaidzuka,141.06,38.73,-3632.5,0,4.00853967666626
Kisnycya,28.76,48.43,-3505,0.13108573853969574,24.161727905273438
Kissonerga-Mosphilia,32.4,34.82,-3075,NA,NA
Kosenivka,30.4,48.82,-3670,0.1484726518392563,22.871793746948242
Krynychky,28.75,48.41,-3555,0.13108573853969574,24.161727905273438
Maidanetske,30.68,48.8,-3850,0.24712185561656952,27.23101043701172
Moshuriv 1,30.54,48.9,-3775,0.1484726518392563,22.871793746948242
Moshuriv 2,30.59,48.85,-3657.5,0.1977972537279129,25.05140209197998
Mundigak,65.52,31.9,-3250,1.1163194179534912,52.10697555541992
Murten-Pantschau,7.12,46.93,-3421.5,0.018094331491738558,10.784374952316284
Nakanoya Matsubara Iseki,138.86,36.29,-3982.5,0,22.01557159423828
Nebelivka,30.55,48.64,-3850,0.1484726518392563,22.871793746948242
Norşuntepe,39.47,38.62,-3650,0.04379124566912651,29.900728225708008
Pestenacker,10.95,48.15,-3476,0.005277049727737904,6.590648174285889
Pfyn-Breitenloo,8.93,47.59,-3705.5,0.035538449883461,15.604029655456543
Rohy,30.49,48.85,-3642.5,0.1484726518392563,22.871793746948242
Shimokamata Iseki,138.83,36.23,-3820,0,16.894473552703857
Sidon-Dakerman,35.37,33.56,-3350,19.012130737304688,943.24908447265625
Stolniceni 1,27.34,48.02,-3807.5,0.5984293818473816,34.093318939208984
Sutz-Lattrigen Hauptstation innen,7.21,47.1,-3574,0.027937710285186768,14.699042320251465
Sutz-Lattrigen Riedstation,7.21,47.1,-3390.5,0.027937710285186768,14.699042320251465
Talianki,30.53,48.81,-3800,0.1484726518392563,22.871793746948242
Talne 3,30.73,48.86,-3850,0.24712185561656952,27.23101043701172
Tenjin Iseki,138.39,35.86,-3820,0,9.954559326171875
Trinca,27.11,48.21,-3776.5,0.5666156113147736,37.18554878234863
Trostyanchyk,29.35,48.53,-3967.5,0.2848116531968117,25.807342529296875
Vijtivka,29.5,48.45,-3705,0.36206379532814026,27.712146759033203
Volodymyrivka,30.75,48.56,-3860,0.2560694217681885,16.233732223510742
Wangyin,116.77,35.45,-3900,0.9398787021636963,240.91542053222656
Yedian,116.98,35.34,-3953,0.8545101284980774,248.26095581054688
Yiftahel,35.23,32.76,-3350,3.0921630859375,338.3021545410156
Zürich-Mozartstrasse Horgen Schicht 3,8.55,47.36,-3109.5,0.020810228772461414,13.964479446411133
Abu Salabikh,45.05,32.25,-2800,3.281892776489258,196.86595153808594
Arad,35.12,31.28,-2825,0.49196603894233704,115.14849090576172
Ariyoshi-Kita,140.17,35.56,-2835,0,15.48977279663086
Asana,-70.63,-17.04,-2542.5,0,32.572431564331055
Babamae Iseki,140.99,37.27,-2770,0,15.377030372619629
Beer Resisim,34.57,30.77,-2300,0.12439458817243576,44.24541091918945
Caral,-77.52,-10.89,-2300,0,232.49884796142578
"Charavines - Lac de Paladru, deuxieme occupation",5.52,45.44,-2605,0.7526077032089233,59.88119888305664
"Charavines - Lac de Paladru, le premier vilage",5.52,45.44,-2660.5,0.7526077032089233,59.88119888305664
Chlorakas-Palloures,32.4,34.8,-2650,NA,NA
Donghaiyu,119.51,35.36,-2250,1.8349366188049316,361.80657958984375
Douchuuzakaue,139.61,35.56,-2782.5,0,38.224735260009766
Haramchinogyokoukoumae,138.39,35.8,-2850,0,14.931838989257812
Hombrechtikon - Feldbach West,8.78,47.25,-2520,0.6753467917442322,62.09209442138672
Hunte 1 aelt mittl,8.33,52.54,-2600,0.011943759396672249,15.096390724182129
Hunte 1 jueng,8.33,52.54,-2600,0.011943759396672249,15.096390724182129
JO879,-106.84,43.65,-2050,0,0.2932716906070709
Jianxin,117.4,34.93,-2750,2.695352077484131,441.0552673339844
Jiaojia,117.33,36.78,-2750,2.429551124572754,392.05474853515625
Jirogamae,138.41,35.8,-2845,0,14.931838989257812
Kamatori,140.17,35.56,-2770,0,15.48977279663086
Kamifukasawa Iseki,140.92,38.48,-2670,0,14.86338996887207
Kaminohara Iseki,138.46,35.8,-2365,0,14.931838989257812
Kokanezawa,140.17,35.55,-2270,0,15.48977279663086
Lemba-Lakkous,32.41,34.81,-2950,NA,NA
Liangchengzhen,119.57,35.58,-2150,1.8349366188049316,361.80657958984375
Lujiakou,119.14,36.84,-2104.5,0.7906776070594788,233.6891326904297
Marki Alonia,33.32,35.02,-2125,1.2280893325805664,167.20338439941406
Miharada Iseki (Late Jomon),139.03,36.5,-2245,0,33.02335739135742
Miharada Iseki (Middle Jomon),139.03,36.5,-2950,0,33.02335739135742
Mochigasaki,140.13,35.64,-2365,0,15.48977279663086
Mohenjo-daro,68.13,27.33,-2450,0,101.85530471801758
Mohenjo-daro,68.13,27.33,-2350,0,101.85530471801758
Mohenjo-daro,68.13,27.33,-2200,0,101.85530471801758
Mohenjo-daro,68.13,27.33,-2250,0,101.85530471801758
Mohenjo-daro,68.13,27.33,-2100,0,101.85530471801758
Nishinohara Iseki,139.52,35.86,-2935,0,36.939552307128906
Ondashi Iseki,138.95,35.12,-2850,0,24.076702117919922
Ooishitai Iseki,141.35,40.98,-2247.5,NA,NA
PL21,-104.97,42.56,-2050,0,1.3010063767433167
PL23,-104.98,42.57,-2050,0,1.3010063767433167
Saikachido,139.58,35.56,-2950,0,38.224735260009766
Souskiou-Laona,32.59,34.73,-2950,0.12703768908977509,261.41802978515625
Tell Asmar,44.75,33.75,-2300,3.003370761871338,118.29634094238281
Tell Asmar,44.75,33.75,-2200,3.003370761871338,118.29634094238281
Tell Bderi,40.81,36.39,-2365,2.180817127227783,103.97063446044922
Tell Chuera,39.5,36.65,-2456,0.3981243371963501,59.662540435791016
Tell Halawa A,38.14,36.09,-2275,7.449985504150391,223.8257064819336
Tell Melebiye,40.81,36.41,-2400,2.180817127227783,103.97063446044922
Tell Selenkahiye,38.07,36.03,-2275,7.449985504150391,223.8257064819336
Tell Taya,42.49,36.33,-2225,3.5134328603744507,173.9090576171875
Tell al-Raqā'i,40.84,36.47,-2675,2.180817127227783,103.97063446044922
Tominosawa 2 Iseki,141.33,40.97,-2823,NA,NA
Tsukidematsu,139.56,35.52,-2655,0,38.224735260009766
Ximengzhuang,117.06,35.17,-2500,2.361076593399048,427.41175842285156
Yanik Tepe,46,37.98,-2550,2.3010571002960205,100.27145385742188
Yinjiacheng,117.19,35.63,-2375,2.026801109313965,413.76824951171875
Zürich-Mozartstrasse Schnurkeramik Schicht 2,8.55,47.36,-2597.5,0.04064752161502838,27.69330596923828
Ayia Triada,24.79,35.06,-1585,0,70.796661376953125
BH210,-108.27,44.97,-1950,0,0.4673742949962616
BH983,-107.66,44.41,-1950,0,1.1541430950164795
"Bestwall Quarry Archaeological Project, Field R, Bronze Age settlement",-2.09,50.69,-1260,0.44284096360206604,26.218793869018555
Bevaix Sud 1,6.83,46.92,-1007.5,0.24677446531131864,52.877660274505615
Bosiliack,-5.6,50.15,-1003,0.37596043944358826,13.597052574157715
CA1225,-105.24,43.53,-1950,0,0.3477697968482971
CA1707,-105.19,43.61,-1950,0,0.3477697968482971
CO1125,-105.87,43.13,-1950,0,0.1917840838432312
CO1349,-105.97,43.16,-1950,0,0.1917840838432312
CO26,-105.86,43.05,-1950,0,0.1917840838432312
CO754,-106.05,43.34,-1950,0,0.1917840838432312
CR1737,-106.55,42.25,-1950,0,0.23911479115486145
CR4741,-107.32,41.78,-1950,0,0.9588627815246582
Chryssi,25.71,34.87,-1547.5,NA,NA
Cnoc Stanger Reay,-3.81,58.56,-1497,0.22676648199558258,2.5856419801712036
Concise-Sous Colachoz E12,6.72,46.85,-1640,0.3625425100326538,48.35676956176758
"Dunch Hill, Wiltshire",-1.71,51.24,-1083,0.44498977065086365,25.20122718811035
Episkopi Bamboula,32.91,34.67,-1150,0.2051456719636917,435.6966857910156
Gournia,25.79,35.11,-1785,NA,NA
Greifensee-Böschen,8.67,47.37,-1032,0.07953469082713127,55.38661193847656
Hampshire Easton Lane Excavations,-1.29,51.07,-1375,0.4428073316812515,25.83613681793213
Haradum,41.59,34.46,-1688,5.108436107635498,312.3047180175781
Khirbet al-Lahun,35.85,31.47,-1150,1.4431943893432617,89.3233871459961
Knossos,25.16,35.3,-1620,NA,NA
Kommos,24.76,35.01,-1387.5,0,70.796661376953125
Kültepe-Kanesh,35.63,38.85,-1823,8.106414318084717,383.52044677734375
LA110946,-107.06,35.66,-1530,0,0.6256932616233826
LA16198,-108.2,36.65,-1900,0,5.426361560821533
LA81172,-107.84,36.88,-1450,0,3.3467929363250732
Lairg,-4.4,57.99,-1460.5,0.16904401779174805,4.038968324661255
"Leuchars, Pitlethie Road",-2.88,56.38,-1154.5,4.4216628074646,16.72110939025879
Malia,25.46,35.28,-1450,NA,NA
Marki Alonia,33.32,35.02,-1975,1.9831689596176147,278.67230224609375
Mochlos,25.91,35.19,-1547.5,NA,NA
Mohenjo-daro,68.13,27.33,-1950,0,169.75885009765625
NA1312,-106.79,42.7,-1950,0,0.9799952507019043
NA1766,-107.09,43.1,-1950,0,0.10074909031391144
NA681,-107.26,43.24,-1950,0,0.10074909031391144
"Neolithic, Bronze Age, Iron Age, Romano-British, Saxon and medieval settlement activity at Cotswold Community School south east of Shorncote, Somerford Keynes.",-1.95,51.66,-1375,1.6222087144851685,43.39679718017578
Nuzi,44.25,35.37,-1450,4.586151599884033,255.1474609375
Palaikastro,26.28,35.2,-1387.5,NA,NA
Pseira,25.86,35.19,-1547.5,NA,NA
SU872,-110.36,42.4,-1950,0,0.6578426957130432
SW2369,-107.53,42.25,-1950,0,0.22049439698457718
"Sharpridge Farm, Rockley 1 AIP",-1.8,51.47,-1375,1.074013352394104,35.67738723754883
Siedlung Forschner Phase 1,9.64,48.05,-1748.5,0.11965030431747437,39.26487350463867
Springfield Lyons,0.51,51.75,-1003,0.5504844188690186,29.237380981445312
Stansted Airport 1 AIP MTCP Site,0.25,51.88,-1375,0.11405915021896362,18.140958786010742
Takenouchi Iseki,131.37,31.87,-1950,NA,NA
Tell Bazi,38.28,36.43,-1400,8.54001522064209,431.1476135253906
Tell El Amarna,30.9,27.65,-1357,0.5540480017662048,821.16046142578125
Tell Harmal,44.47,33.31,-1825,7.95930290222168,641.91876220703125
Tell Masos,34.97,31.21,-1100,1.623122364282608,227.9431915283203
Tell Munbaqa,38.13,36.22,-1400,9.548779487609863,404.0794982910156
Tell Sabi Abyad,39.09,36.5,-1189,2.144029140472412,104.47933197021484
Tell Zheir,36.66,32.64,-1800,4.306503772735596,202.28201293945312
Tremough AIP,-5.13,50.17,-1307,0.37596043944358826,13.597052574157715
Uchinodai 1 Iseki,140.14,35.69,-1790,0,28.026159286499023
Ugarit,35.78,35.6,-1205,24.097686767578125,945.6431884765625
Ur,46.1,30.96,-1794.5,0.2479143738746643,36.653602600097656
Zakros,26.26,35.1,-1585,NA,NA
ANYEONGNI,127.07,36.32,-600,1.1849309206008911,185.10552978515625
Assur,43.26,35.46,-757,6.193064212799072,344.35272216796875
Athens,23.72,37.98,-450,2.794321060180664,4052.7906494140625
BANSONGNI,127.07125,37.2,-600,2.8044979721307755,362.71363639831543
BONGMYEONGDONG,127.46,36.65,-600,0.7188541889190674,112.87356376647949
BONGSEOLLI,126.77,36.13,-600,NA,NA
BULDANGDONG,127.1,36.8,-600,0.4339456856250763,38.00265121459961
BUNHYANGNI,126.89,36.33,-600,0.8386571407318115,121.02317237854004
BUPYEONG,127,35.97,-600,0.5807584524154663,56.18718338012695
BUSONGDONG 242-73,127,35.96,-600,0.5807584524154663,56.18718338012695
Babylon,44.43,32.54,-582.5,8.779326438903809,710.6239013671875
Barton Field,-2.11,50.91,-25,1.1590405702590942,68.62202453613281
Beer-Sheba,34.84,31.24,-850,3.4964377880096436,414.7338562011719
Beer-Sheba,34.84,31.24,-750.5,3.4964377880096436,414.7338562011719
"Bestwall Quarry Archaeological Project, Field R, Bronze Age settlement",-2.09,50.69,-940,1.1590405702590942,68.62202453613281
Bevaix Sud 2,6.83,46.92,-994.5,0.5109557118266821,132.23264694213867
Bevaix Sud 3,6.83,46.92,-977.5,0.5109557118266821,132.23264694213867
Bevaix Sud 4,6.83,46.92,-965,0.5109557118266821,132.23264694213867
Bevaix Sud 5,6.83,46.92,-955,0.5109557118266821,132.23264694213867
Biskupin,17.74,52.79,-550,0.0061425743624567986,9.488751411437988
Black Patch: Bronze Age settlement,0.12,50.81,-975,0.43874847888946533,43.142112731933594
Blagdon Park 2,-1.66,55.08,-150,0.359551340341568,49.2188606262207
"Bodrifty, Mulfra Hill",-5.58,50.16,-49.5,0.9839953184127808,35.587345123291016
"Brisley Farm, Ashford",0.85,51.13,-12.5,1.9799045324325562,89.77030944824219
Broughton Manor Farm,-0.69,52.05,-25,1.0174022912979126,61.447715759277344
CH-MF-9,-98.88,19.2,-775,2.1070749759674072,3036.193603515625
CHILSEONGNI,127.58,34.98,-600,0.2495618611574173,54.14878463745117
CHUDONGNI,126.77,36.06,-600,NA,NA
CR325,-106.55,42.26,-250,0,0.265683114528656
Camp Ground,0.02,52.38,-25,0.6045871950045694,40.717140197753906
"Cat's water, Fengate",-0.21,52.57,-175,1.3898791670799255,63.52688217163086
Chryssi,25.71,34.87,-117.5,NA,NA
Cival,-89.25,17.36,-25,0.018581843411084265,2.8854421377182007
Cleveland Farm,-1.9,51.65,-175,3.526896834373474,103.47979354858398
"Collfryn, Llansantffraid Deuddwr, Powys",-3.15,52.75,-200,1.2687878608703613,42.284393310546875
Cortaillod-Est,6.85,46.94,-997.5,0.5109557118266821,132.23264694213867
DAEGONGNI,127.44,34.86,-600,0.1582147665321827,39.16866683959961
DAEJEONGDONG,127.32,36.32,-600,1.1849309206008911,185.10552978515625
DAEPYEONGNI,127.96,35.22,-600,0.13217676104977727,36.81037712097168
DAEYARI,127.96,35.63,-600,0.014791660942137241,19.471969604492188
DANGJEONGNI,126.65,36.1,-600,NA,NA
DONGCHEONDONG,128.56,35.94,-600,0.697219729423523,117.22174072265625
DOSAMNI,126.73,36.02,-600,NA,NA
DUGYERI,127.26,36.27,-600,1.1849309206008911,185.10552978515625
Delos,25.27,37.39,-107.5,0.5868845582008362,116.96461486816406
Dura Europos,40.73,34.75,-22,2.3741512298583984,127.8383560180664
East Brunton,-1.63,55.03,-25,0.359551340341568,49.2188606262207
East Kent Access (Zone 6 and 7),1.35,51.32,-175,NA,NA
Elea,20.55,39.44,-258.5,0.49496418237686157,150.54832458496094
Emporio,26.03,38.2,-650,0.189688041806221,261.5268249511719
"Enderby, Enclosure I",-1.19,52.6,-25,1.4777557849884033,70.46360778808594
Enokida Iseki,138.27,36.62,-55,0.004684869199991226,46.55549621582031
"Fenny Lock, Milton Keynes",-0.71,52,-175,1.0174022912979126,61.447715759277344
"Foster's Field, Tinney's Lane, Sherborne",-2.51,50.95,-975,1.2443801760673523,74.23389053344727
Fumiwaki Iseki,140.05,35.4,-55,0.21253542602062225,34.864051818847656
GAGOKDONG,127.48,34.98,-600,0.1582147665321827,39.16866683959961
GALDU I,126.89,34.79,-600,0.20060892030596733,26.812519073486328
GALDU II,126.89,34.79,-600,0.20060892030596733,26.812519073486328
GEUMGOK,126.74,35.12,-600,0.33435016870498657,29.43648910522461
GEUMGYERI,126.58,34.73,-600,0.33435016870498657,29.43648910522461
GOYANGCHON,126.51,35.08,-600,0.33435016870498657,29.43648910522461
GUNDONG,126.55,35.3,-600,0.41802242398262024,68.53377532958984
GUNGDONG,127.34,36.36,-600,1.1849309206008911,185.10552978515625
GUSEONGDONG,127.37,36.37,-600,1.1849309206008911,185.10552978515625
GWANCHANGNI,126.58,36.38,-600,0.49238336086273193,56.94081497192383
GWISALLI,127.11,36.5,-600,1.1849309206008911,185.10552978515625
Gb-To-TA103,-130.46,54.31,-200,0,0.5477449893951416
Gc-To-27,-130.48,54.36,-200,0,0.5477449893951416
Gc-To-28,-130.48,54.37,-200,0,0.5477449893951416
Gc-To-9,-130.27,54.34,-200,0,0.5477449893951416
Glastonbury Lake Village,-2.73,51.16,-75,1.8469281196594238,73.4759750366211
Gwithian Merged,-5.38,50.23,-975,0.9839953184127808,35.587345123291016
HAGAMNI,126.94,36.38,-600,1.1849309206008911,185.10552978515625
HWANGSALLI BUNTO,126.57,34.43,-600,0.30095356702804565,34.76244354248047
HWASULLI,126.34,33.24,-100,0.3203560411930084,19.7115478515625
HYOJA4,127.1,35.81,-600,0.5807584524154663,56.18718338012695
HYOJA5,127.1,35.81,-600,0.5807584524154663,56.18718338012695
HYUAMNI,126.55,36.7,-600,0.634428471326828,53.407426834106445
Haddenham Iron Age settlement,0.07,52.34,-25,8.008434087969363e-4,20.383621215820312
Halai Axonides,23.78,37.83,-387.5,2.1229782104492188,3716.071533203125
Halieis,23.15,37.31,-350,1.2371971681714058,488.78112030029297
"Hampshire Bronze Age settlement and Iron Age funerary site, Adanac Park",-1.47,50.94,-975,1.0862380266189575,57.39330291748047
Hampshire Easton Lane Excavations,-1.29,51.07,-975,1.1589524745941162,67.6205062866211
Hattori Iseki,135.99,35.1,-87,0.060587555170059204,75.49474334716797
Hattori Iseki,135.99,35.1,-49.5,0.060587555170059204,75.49474334716797
Herculaneum,14.35,40.81,-117.5,0.15176919102668762,3639.4136962890625
Heuneburg IVa1,9.42,48.1,-490,0.3589509129524231,78.52960205078125
Heuneburg IVb2,9.42,48.1,-565,0.3589509129524231,78.52960205078125
"Huntsman's Quarry, Kemerton",-2.09,52.03,-975,1.6391979455947876,79.82196044921875
Hurst Lane Reservoir,0.24,52.41,-25,8.008434087969363e-4,20.383621215820312
IBAMNI,127.27,36.25,-600,1.1849309206008911,185.10552978515625
IGEUMDONG,128.11,34.95,-600,0.20754171162843704,54.114946365356445
JAGAERI I,126.68,36.79,-600,0.7764735817909241,49.87403869628906
JAGAERI II,126.67,36.8,-600,0.7764735817909241,49.87403869628906
JANGCHEOLLI,126.58,34.75,-600,0.33435016870498657,29.43648910522461
JEUNGSALLI,127,36.25,-600,1.1849309206008911,185.10552978515625
JILLARI,128.75,35.67,-600,0.504758263627688,74.00010808308919
JUKCHEONGNI GA,126.56,36.24,-600,0.49238336086273193,56.94081497192383
Kabagayahara Iseki,138.18,34.63,-87,NA,NA
Kaimoto Iseki,130.52,33.47,-105,0.08290569484233856,51.53293228149414
Kamagami Iseki,140.11,35.46,-55,0.21253542602062225,34.864051818847656
Kavousi Kastro,25.87,35.11,-725,NA,NA
Kerkenes Dağ,35.06,39.75,-566,1.7660644054412842,167.4510955810547
Khirbat al-Mudayna al-Aliya,35.87,31.28,-1000,1.6793951988220215,114.16459655761719
"King's Dyke West, Whittlesey",-0.17,52.57,-975,1.3898791670799255,63.52688217163086
Kitamuta,130.56,33.43,-224.5,0.08258053287863731,48.59661293029785
Knapwell Plantation,-0.07,52.22,-175,1.2083735466003418,61.0506591796875
Kyuu Kibi Chuugakkou Koutei Iseki,135.21,34.07,-55,0.014362992718815804,34.02822494506836
LA70667,-107.74,36.82,-400,0,3.718658685684204
Lathouriza,23.8,37.83,-600,2.1229782104492188,3716.071533203125
Lato,25.66,35.18,-275,NA,NA
Lockington,-1.31,52.86,-25,1.9491060972213745,80.4740982055664
MAJEON,126.56,35.31,-600,0.41802242398262024,68.53377532958984
MAJEONIII,127.1,35.83,-600,0.5807584524154663,56.18718338012695
MANGWOLCHON,127.15,35.52,-600,0.016174685209989548,27.494340896606445
MANSURI,127.33,36.64,-600,1.1849309206008911,185.10552978515625
MYEONGAMNI,127.06,36.82,-600,0.4339456856250763,38.00265121459961
Mucking South Ring: Late Bronze Age,0.41,51.5,-600,1.4407740831375122,76.52252960205078
Must Farm,-0.18,52.56,-850,1.3898791670799255,63.52688217163086
NABONGNI,126.86,36.28,-600,0.8386571407318115,121.02317237854004
NM-H-51-55,NA,NA,-350,NA,NA
NM-H-62-99,-108.68,36.02,-367.5,0,4.676056861877441
NONGSAN,127.46,35.88,-600,0.30407942458987236,37.16709613800049
"Neolithic, Bronze Age, Iron Age, Romano-British, Saxon and medieval settlement activity at Cotswold Community School south east of Shorncote, Somerford Keynes.",-1.95,51.66,-975,4.242795944213867,113.58174133300781
"Neolithic, Bronze Age, Iron Age, Romano-British, Saxon and medieval settlement activity at Cotswold Community School south east of Shorncote, Somerford Keynes.",-1.95,51.66,-600,4.242795944213867,113.58174133300781
Nishijinmachi Iseki,130.36,33.58,-200,0.08290569484233856,51.53293228149414
North East Horley,-0.15,51.19,-25,2.5068304538726807,106.0721206665039
OECHON,126.88,35.2,-600,0.2088537374511361,37.413288593292236
OEDODONG2,126.44,33.48,-100,0.3203560411930084,19.7115478515625
OJIRI,127.31,35.28,-600,0.016174685209989548,27.494340896606445
OKGOKDONG,128.73,35.82,-600,0.43886031955480576,85.12421607971191
ONGNAMNI,126.68,36.04,-600,NA,NA
OSEONGNI,126.69,36.1,-600,NA,NA
Olynthos,23.36,40.3,-374,1.3539056777954102,288.3477783203125
Ooitai,130.56,33.4,-174.5,0.08258053287863731,48.59661293029785
Ostia,12.29,41.76,-25,14.66878890991211,2194.74169921875
"Park Farm East, Ashford",0.88,51.11,-12.5,1.9799045324325562,89.77030944824219
Paul Mason,-128.43,54.62,-1000,0,0.9600405693054199
Pompeii,14.49,40.75,-60.5,0.30353838205337524,2387.682373046875
Poundbury,-2.45,50.72,-25,1.1590405702590942,68.62202453613281
"Rainham Road, [Scott and Albyn's Farm], South
Hornchurch {Bronze Age settlement}",0.19,51.53,-975,1.4407740831375122,76.52252960205078
Reading Business Park,-0.99,51.43,-975,2.256607413291931,93.2988052368164
"Ructstalls Hill, Basingstoke",-1.07,51.26,-200,1.153240442276001,69.28224182128906
SAMILLI,126.58,35.5,-600,0.41802242398262024,68.53377532958984
SAMYANGDONG,126.59,33.52,-100,0.3203560411930084,19.7115478515625
SANGCHOLLI 9-13 JISEONGMYO MIT SEONSA,127.97,35.22,-600,0.13217676104977727,36.81037712097168
SANGSEODONG,127.42,36.43,-600,1.1849309206008911,185.10552978515625
SANJEONG,126.75,35.11,-600,0.33435016870498657,29.43648910522461
SANUIRI,127.07,36.36,-600,1.1849309206008911,185.10552978515625
SAWOLLI,127.96,35.29,-600,0.014791660942137241,19.471969604492188
SEOBYEONDONG,128.6,35.93,-600,0.697219729423523,117.22174072265625
SEONGCHEOLLI WACHON,126.51,35.04,-600,0.33435016870498657,29.43648910522461
SINBANGDONG,127.13,36.78,-600,0.4339456856250763,38.00265121459961
SINCHON_MANGGONGNI,128.48,35.14,-600,0.1655215620994568,54.08110809326172
SINPUNG,126.84,34.8,-600,0.20060892030596733,26.812519073486328
SOMYEONG,126.48,35.13,-600,0.33435016870498657,29.43648910522461
SONGCHEONDONG 2GA,127.13,35.86,-600,0.5807584524154663,56.18718338012695
SONGGUNGNI,127.03,36.26,-600,1.1849309206008911,185.10552978515625
SOSADONG,127.12,36.99,-600,0.4339456856250763,38.00265121459961
SSANGCHEONGNI,127.34,36.65,-600,1.1849309206008911,185.10552978515625
SUMUN,126.83,35.19,-600,0.2088537374511361,37.413288593292236
Stanwick,-0.57,52.33,-350,1.2083735466003418,61.0506591796875
TONGJEONG,126.42,35.02,-600,0.33435016870498657,29.43648910522461
TX-TF-1,-98.87,19.57,-50,2.1070749759674072,3036.193603515625
TX-TF-4,-98.84,19.59,-50,2.1070749759674072,3036.193603515625
Takinokuchimukoudai Iseki,140.01,35.38,-325,0.34970811754465103,60.434139251708984
Taxila,72.8268888888889,33.7537777777778,-350,7.030271530151367,494.36456298828125
Tell Beit Mirsim,34.91,31.46,-750,3.4964377880096436,414.7338562011719
Tell Billa,43.35,36.43,-750,9.59177017211914,447.5574645996094
Tell Mastuma,36.63,35.88,-815,11.789618492126465,753.9613037109375
Tell Qasile,34.8,32.1,-994.5,26.580951690673828,1976.3084716796875
Tell el-Far'ah (North),35.34,32.29,-950,5.936047077178955,852.727294921875
Tell en-Nasbeh,35.22,31.89,-900,9.734430313110352,1138.6678466796875
Tell es Sa'idiyeh,35.56,32.32,-727.5,5.936047077178955,852.727294921875
The Rhee Lakeside AIP,0.03,52.38,-975,8.008434087969363e-4,20.383621215820312
Thorikos,24.05,37.74,-450,2.1229782104492188,3716.071533203125
"Titnore Lane, Goring-by-Sea",-0.43,50.83,-178.5,NA,NA
UNDANGNI,126.56,35.27,-600,0.41802242398262024,68.53377532958984
UNGOKDONG,126.69,34.99,-600,0.33435016870498657,29.43648910522461
Ur,46.1,30.96,-582,0.32942038774490356,52.36228942871094
Vitsa,20.75,39.88,-462.5,0.8785427212715149,172.8613739013672
Vroulia,27.76,35.9,-600,1.448238492012024,308.1844787597656
WOLGIRI,126.77,36.1,-600,NA,NA
WOLSEONGDONG 1275,128.53,35.82,-600,0.697219729423523,117.22174072265625
WOLSEONGDONG 1300,128.53,35.82,-600,0.697219729423523,117.22174072265625
WONSURI,127.09,36.02,-600,0.5807584524154663,56.18718338012695
Wasserburg Buchau 1,9.63,48.06,-950,0.3589509129524231,78.52960205078125
Wasserburg Buchau 2,9.63,48.06,-950,0.3589509129524231,78.52960205078125
West Heslerton Site 1,-0.6,54.18,-600,1.2470228672027588,60.53010940551758
XO-LF-2,-99.02,19.29,-375,2.1070749759674072,3036.193603515625
Xtobo,-89.76,20.99,-325,0.0011791607830673456,108.91075897216797
YEONGCHEON,126.69,35.1,-600,0.33435016870498657,29.43648910522461
YEONGDEUNGDONG,126.98,35.96,-600,0.5807584524154663,56.18718338012695
YEOUIGOK,127.49,35.91,-600,0.30407942458987236,37.16709613800049
YONGSAN TAMNIPDONG,127.4,36.42,-600,1.1849309206008911,185.10552978515625
YULHARI,128.82,35.17,-600,0.9117432236671448,98.36360168457031
Zagora,24.86,37.77,-730,0.12528325617313385,54.6666374206543
Zincirli Höyük,36.68,37.1,-775,2.7880263328552246,447.5018310546875
Çatal Höyük (Amuq Valley),36.59,36.27,-700,13.195093154907227,850.3758544921875
"Aldborough Gas Storage Facility, Aldborough",-0.09,53.81,62.5,5.313695430755615,223.8494873046875
Altar de Sacrificios,-90.52,16.48,25,0.7586392164230347,26.422863006591797
"Brandon Road, Thetford, 1964-6",0.74,52.41,60,0.0023059025406837463,111.22625732421875
"Brandywell, Sproatley (Easington to Ganstead Plots 25 and 26)",-0.19,53.78,75,5.313695430755615,223.8494873046875
Braughing,0.01,51.9,15,1.1966772675514221,182.21530151367188
Braughing,0.01,51.9,67.5,1.1966772675514221,182.21530151367188
"Burton Constable, Ellerby (Easington to Ganstead Plot 9)",-0.22,53.81,0,5.313695430755615,223.8494873046875
Clay Lane,-0.76,52.25,50,3.2308175563812256,217.50035095214844
"Crossgates, Seamer",-0.43,54.24,50,5.799149036407471,242.11659240722656
Dos Aguadas,-89.38,17.26,0,0.002201674331445247,2.316572904586792
Duncan Tract,-86.11,36.35,0,0,7.943671703338623
El Trapiche,-90.54,16.49,25,0.7586392164230347,26.422863006591797
Faverdale,-1.58,54.55,87.5,0.6758821606636047,158.3928985595703
Fison Way,0.74,52.43,55,0.0023059025406837463,111.22625732421875
"Furfield Quarry, Boughton Monchelsea",0.55,51.24,87.5,4.370242595672607,268.6864013671875
Gb-To-46,-130.38,54.24,40,0,0.6086055040359497
Gb-To-78,-130.46,54.31,7.5,0,0.6086055040359497
Gorhambury,-0.38,51.76,31.5,17.24005889892578,524.96484375
"Grimstock Hill, Coleshill",-1.71,52.51,50,1.359581708908081,183.6077117919922
Hartburn,-1.87,55.17,50,0.9101115266482035,137.1906255086263
"Heslington East, Areas A1 and A2",-1.03,53.95,50,3.3620781898498535,208.25765991210938
Heybridge,0.68,51.74,25,NA,NA
Kilton Thorpe,-0.93,54.56,0,1.7271883487701416,120.69233703613281
Low Park Corner Chippenham,0.45,52.29,50,0.0029485260602086782,74.996337890625
Lymington,-1.55,50.73,0,3.9992849826812744,211.16404724121094
Moulton Park,-0.86,52.28,0,3.2308175563812256,217.50035095214844
Murton High Crags,-2.06,55.74,50,6.6270365715026855,108.2019271850586
North East Horley,-0.15,51.19,75,9.229588508605957,390.2653503417969
Ootani,130.44,33.52,2.5,0.10909612476825714,77.29940032958984
Ootsuka Iseki,139.58,35.55,20,0.6406757831573486,129.00450134277344
"Percy Rigg, Kildale",-1.06,54.5,0,1.7271883487701416,120.69233703613281
SAS 115,-153.24,57.1,0,NA,NA
SAS 119,-153.24,57.1,0,NA,NA
SAS 132,-153.24,57.1,0,NA,NA
"Shepherd Lane, Woodmansey (Ganstead to Asselby Plots 53 and 55)",-0.43,53.82,0,5.313695430755615,223.8494873046875
Stansted 85-91 (ACS),0.26,51.89,0,1.0991028547286987,174.6907196044922
Takinokuchimukoudai Iseki,140.01,35.38,50,0.4601639062166214,90.6583366394043
"Teesside to Saltend Ethylene Pipeline, Site 713, Manor Cottage, East Rounton",-1.33,54.43,0,1.935163289308548,177.72684478759766
"Thorpe Hall, Eastrington (Ganstead to Asselby Plots 182 and 184)",-0.85,53.76,25,3.3620781898498535,208.25765991210938
Thorpe Thewles,-1.39,54.61,63,0.6758821606636047,158.3928985595703
"Topham Farm, Sykehouse",-1.06,53.65,50,7.2938385009765625,271.3082580566406
Wakerley (Britannia site),-0.61,52.57,0,4.726507723331451,236.05380630493164
West Brunton,-1.65,55.03,0,1.3237875699996948,181.0882568359375
West Gunnar Peak,-2.14,55.07,50,0.012488815002143383,132.8775177001953
West Stow,0.63,52.31,25,0.0026272143004462123,93.111297607421875
A421 Water End East (Site 8),-0.38,52.15,150,1.4037199020385742,205.71136474609375
Belling Law,-2.49,55.19,100,3.1784595251083374,106.75828170776367
Biddenham Loop Farmstead 6/8/10/14,-0.52,52.13,163,1.4037199020385742,205.71136474609375
"Black Dike, North Cave (Ganstead to Asselby Plots 131, 132, 133 and 134)",-0.68,53.78,100,4.704786777496338,234.24004364013672
Brasstown Valley,-83.86,34.99,175,0,12.563139915466309
Brauncewell Limestone Quarry,-0.46,53.06,125,2.91129732131958,206.4145965576172
Camp Ground,0.02,52.38,195,2.414226653636433,162.4185676574707
"Carn Euny, Sancreed, Cornwall",-5.63,50.1,175,3.929271936416626,141.95608520507812
Catcote,-1.24,54.68,150,1.3031615316867828,151.28871154785156
Chysauster,-5.54,50.16,100,3.929271936416626,141.95608520507812
Dalton Parlours,-1.39,53.9,137.5,4.298768997192383,276.5968017578125
Dinorben,-3.55,53.27,160,9.02708911895752,142.8910675048828
Exeter,-3.53,50.72,140,3.4348888397216797,268.474853515625
Fishbourne Palace,-0.81,50.84,171.5,5.3095550537109375,208.79637145996094
Gb-To-70,-130.43,54.27,122.5,0,0.663933277130127
Gb-To-89,-130.46,54.33,130,0,0.663933277130127
Gb-To-9,-130.35,54.33,175,0,0.663933277130127
Gc-To-52,-130.47,54.36,155,0,0.663933277130127
Gokayama Iseki,138.48,36.24,120.5,0.016334555111825466,100.1901626586914
Gorhambury,-0.38,51.76,109,18.69822883605957,569.15411376953125
Heybridge,0.68,51.74,100,NA,NA
Hickory Log,-84.46,34.26,175,0,13.752212524414062
"High Wold, Bempton Lane, Bridlington",-0.19,54.11,162.5,6.289643287658691,262.4969177246094
Hirano,138.55,35.56,120.5,0.04606343060731888,94.06266784667969
Hiratsukayamanoue Iseki,130.66,33.39,120.5,0.17753590643405914,114.1507339477539
Holditch,-2.24,53.03,167.5,1.2400954961776733,190.00509643554688
Hurst Lane Reservoir,0.24,52.41,100,0.0031979132909327745,81.30921173095703
Kayahara and Okuindai Iseki-gun,133.33,35.39,120.5,0.14680086076259613,90.2567367553711
Kuriya Iseki,140.13,35.76,120.5,0.3784945011138916,123.06380462646484
Land North of Brockworth,-2.16,51.85,175.5,6.545615196228027,318.40570068359375
"Langeled Receiving Facilities, Easington",0.11,53.66,112.5,NA,NA
Lukurmata,-68.71,-16.44,160,0.009306424297392368,32.99037170410156
Marcham/Frilford,-1.37,51.66,175,11.224824905395508,372.4794006347656
"Middle Gunnar Peak, Barrasford",-2.13,55.07,137.5,0.013545122928917408,144.0625762939453
Mucking,0.41,51.5,150,5.753272533416748,305.2444152832031
Nagasaka Iseki,137.03,35.2,120.5,0.27516721189022064,150.97788619995117
Nishiharaotsuka Iseki,139.57,35.82,120.5,0.5828440189361572,207.78146362304688
Orsett 'Cock',0.38,51.51,109,5.753272533416748,305.2444152832031
Ostia,12.29,41.76,166.5,48.76292037963867,7419.94775390625
"Parc Bryn Cegin, Llandygai",-4.11,53.21,100,5.621780872344971,119.70206451416016
Park Brow,-0.37,50.83,100,NA,NA
"Pegswood Moor, Morpeth",-1.69,55.19,125,0.37828636169433594,134.12188720703125
Porthmeor,-5.59,50.18,150,3.929271936416626,141.95608520507812
Rudston,-0.34,54.08,188,6.026386499404907,252.59455108642578
Sanbayashi Iseki,133.68,35.49,120.5,0.10107473097741604,93.34514617919922
Shimonaka Iseki,131.46,32,120.5,NA,NA
Shinonoi Iseki-gun,138.12,36.56,120.5,0.005804419633932412,80.65012550354004
Shoubugaya Iseki,138.01,34.76,120.5,0.022518450394272804,141.7678680419922
Silchester,-1.08,51.36,125,4.63858699798584,276.36328125
"Silchester, Insula IX",-1.08,51.36,115,4.63858699798584,276.36328125
South-East of Tewkesbury Area C,-2.15,51.98,100.5,6.545615196228027,318.40570068359375
St Albans Early,-0.36,51.75,120,18.69822883605957,569.15411376953125
Stanwick,-0.57,52.33,115,4.825255393981934,243.52792358398438
Stanwick,-0.57,52.33,162.5,4.825255393981934,243.52792358398438
Stonea Grange,0.13,52.52,172.5,0.0031979132909327745,81.30921173095703
Takano Iseki,138.26,36.63,120.5,0.01011158898472786,116.38873291015625
Volubilis,-5.55,34.07,199.5,2.291912794113159,341.9720764160156
Whitton Lodge,-3.32,51.43,170.5,2.8132294416427612,151.20053100585938
"Wilderspool, Warrington",-2.59,53.37,195,2.2282421588897705,196.26707458496094
Wroxeter,-2.64,52.67,120,5.206212997436523,204.20947265625
Yamanooku Iseki,137.4,34.85,120.5,0.4547267258167267,226.21690368652344
Yearwood MW,-86.58,35.13,150,0,3.559894561767578
Yokomachi,138.65,35.68,120.5,0.034310475923120975,89.027130126953125
Alcester,-1.87,52.21,280,3.4586863915125527,251.14233907063803
Barnsley Park,-1.88,51.75,282.5,14.82661485671997,436.49830627441406
Beadlam villa,-1.03,54.25,275,3.8816680908203125,233.07305908203125
Catsgore,-2.7,51.03,250,6.70911979675293,323.3707275390625
Catsgore,-2.7,51.03,262.5,6.70911979675293,323.3707275390625
Cefn Graeanog II,-4.3,53.02,250,5.944263458251953,126.58148956298828
Cirencester,-1.96,51.71,240,17.779504776000977,479.1103210449219
Cleveland Farm,-1.9,51.65,225,14.82661485671997,436.49830627441406
Dorchester,-2.44,50.72,225,4.895816326141357,289.4613342285156
East Kent Access (Zone 20),1.34,51.34,200,NA,NA
"Ewe Close, Crosby Ravensworth",-2.6,54.52,200,0,139.06524658203125
Exeter,-3.53,50.72,280,3.6334574222564697,283.9044189453125
Greta Bridge vicus,-1.87,54.51,237.5,0.3877127468585968,159.60919189453125
Healam Bridge,-1.5,54.24,250,3.66491961479187,225.92718505859375
Higham Ferrers OA,-0.6,52.31,250,4.405425190925598,253.44231414794922
Kempston,-0.52,52.12,237.5,1.484868049621582,217.5338592529297
"Langdale Hale, Earith, Colne Fen",0.03,52.38,200,0.0033827824518084526,85.9821548461914
Marcaya,-74.83,-14.81,225.5,0.22677990794181824,154.65025329589844
Monkton,1.3,51.34,262.5,NA,NA
Pomeroy Wood/Gittisham Forge/Nag's Head Culvert,-3.23,50.79,200,3.6334574222564697,283.9044189453125
Roxby Site 2,-0.82,54.52,250.5,1.9815672636032104,138.37191772460938
"Rudstone Dale, Newbald (Ganstead to Asselby Plots 103 and 104)",-0.61,53.8,250,4.976767182350159,247.70211791992188
Silchester,-1.08,51.36,250,4.906740665435791,292.2462463378906
"Silchester, Insula IX",-1.08,51.36,225,4.906740665435791,292.2462463378906
St Albans Early,-0.36,51.75,212.5,19.77916145324707,601.8641357421875
Suwajiri,138.62,35.59,220,0.06339919567108154,131.687744140625
"Thorpe Hall, Eastrington (Ganstead to Asselby Plots 182 and 184)",-0.85,53.76,200,3.8572423458099365,238.76422119140625
Tre'r Creiri,-4.42,52.97,200.5,7.122819900512695,84.29668045043945
Walton le Dale,-2.68,53.75,210,0.9134348034858704,157.23892211914062
"Wilderspool, Warrington",-2.59,53.37,285,2.357055187225342,207.5467987060547
Winterton Villa,-0.62,53.65,275,7.547961950302124,293.6522979736328
Wood Corner (MK64),-0.76,52.05,200,4.297532558441162,259.1986389160156
Wroxeter,-2.64,52.67,275,5.505986213684082,215.94564819335938
Yonekurayama B,138.58,35.58,220,0.06339919567108154,131.687744140625
Alchester,-1.17,51.88,320,4.545892238616943,274.0951232910156
Bucknowle,-2.07,50.63,312.5,5.178751468658447,306.0970153808594
Camerton,-2.45,51.3,315,5.199774265289307,311.157470703125
Camp Ground,0.02,52.38,340,2.7013781529385597,181.62383270263672
Catterick,-1.66,54.39,300,3.8767197132110596,238.9114990234375
Chunhuayum,-89.24,21.24,350,0.045464687049388885,252.12232971191406
Cirencester,-1.96,51.71,330,18.74447250366211,506.6453857421875
Din Lligwy,-4.26,53.35,325,NA,NA
Dorchester,-2.44,50.72,300,5.178751468658447,306.0970153808594
Gatcombe,-2.68,51.43,347.5,11.965054512023926,288.6020202636719
Higham Ferrers OA,-0.6,52.31,300,4.660019874572754,268.00794982910156
Ixcoche,-90.58,16.48,325,0.9452604651451111,28.506271362304688
Khonkho Wankane,-68.67,-16.81,300,0.308758020401001,128.09942626953125
Kingscote,-2.28,51.66,300,18.74447250366211,506.6453857421875
McNichol Creek,-130.34,54.33,300,0,0.7901355028152466
Piercebridge,-1.67,54.54,390,0.8202382922172546,192.03150939941406
Silchester,-1.08,51.36,325,5.190307140350342,309.0420227050781
St Albans Late,-0.36,51.75,320,20.922222137451172,636.45404052734375
Stanwick,-0.57,52.33,300,5.3991780281066895,272.3240051269531
Trethurgy,-4.76,50.37,350,5.436263084411621,323.0515441894531
Uxbenka,-89.07,16.24,375,0.011950798332691193,2.9766757488250732
Albino Village,-107.6,36.95,450,0.011734976433217525,4.976882457733154
Atlatongo,-98.9,19.69,400,3.387078285217285,4699.5849609375
CU-CL-41,-99.04,19.59,400,3.387078285217285,4699.5849609375
Ix Kuku'il,-89.13,16.27,425,0.012805888429284096,3.2472827434539795
La Ciénaga,-65.66,-26.8,400,0.014671910088509321,24.3710355758667
Santa Maria Maquixco el Bajo,-98.9,19.69,400,3.387078285217285,4699.5849609375
TE-CL-10,-98.99,19.62,400,3.387078285217285,4699.5849609375
TE-CL-20,-98.89,19.81,400,4.03810977935791,1525.6629638671875
TE-CL-23,-98.91,19.76,400,3.7125940322875977,3112.6239624023438
TE-CL-25,-98.77,19.66,400,3.6351511478424072,3449.920654296875
TE-CL-30,-98.84,19.72,400,3.7125940322875977,3112.6239624023438
TE-CL-31,-98.84,19.73,400,3.7125940322875977,3112.6239624023438
TE-CL-32,-98.84,19.73,400,3.7125940322875977,3112.6239624023438
TE-CL-4,-98.92,19.64,400,3.387078285217285,4699.5849609375
TE-CL-40,-98.87,19.8,400,4.03810977935791,1525.6629638671875
TE-CL-41,-98.86,19.79,400,4.03810977935791,1525.6629638671875
TE-CL-42,-98.86,19.78,400,3.7125940322875977,3112.6239624023438
TE-CL-45,-98.84,19.78,400,3.7125940322875977,3112.6239624023438
TE-CL-46,-98.84,19.78,400,3.7125940322875977,3112.6239624023438
TE-CL-73,-98.79,19.79,400,4.221174240112305,1736.9766845703125
Teotihuacan,-98.85,19.68,400,3.387078285217285,4699.5849609375
Aylesbury-Chalgrove,-0.81,51.82,525,7.747552156448364,316.2082748413086
Bloodmoor Hill,1.72,52.45,525,0.8295087218284607,132.1306610107422
Chalton,-0.96,50.94,525,4.711787700653076,185.17823791503906
Cowdery's Down,-1.07,51.27,525,4.082258224487305,245.10227966308594
Eye Kettleby,-0.92,52.75,550,5.230982303619385,249.28163146972656
Flixton Park Quarry,1.38,52.43,525,0.8295087218284607,132.1306610107422
Moche,-78.99,-8.13,550,NA,NA
Mucking,0.41,51.5,525,5.10007381439209,270.71649169921875
Omo M12,-70.98,-17.24,575,0.1581796556711197,92.125274658203125
Quarrington,-0.43,52.99,525,2.5807626247406006,183.0658721923828
Thirlings,-2.07,55.59,525,6.332724571228027,104.04031372070312
West Stow,0.67,52.3,525,0.002216992201283574,106.94831848144531
Yeavering,-2.1,55.57,525,6.332724571228027,104.04031372070312
Altun Ha,-88.35,17.76,650,0.2418791800737381,23.243745803833008
Boundary Village,-109.88,39.82,675,0.006624829024076462,0.6820813417434692
Burnt House Village/Wagon Hound Alcove,-109.18,39.98,675,0.0051597971469163895,1.141440749168396
Caldwell Village,-109.81,40.4,675,0.04348339885473251,2.8090291023254395
Dillard Site,-108.63,37.35,647.5,0.007863267324864864,3.3377373218536377
El Palmillo,-96.36,16.87,675,1.10495924949646,931.6866455078125
Felter Hill,NA,NA,675,NA,NA
Gallindo,-78.91,-8.08,675,NA,NA
MacLeod Site,-109.21,40.42,675,0.018383532762527466,1.050297737121582
Mitla Fortress,-96.18,16.93,675,0.0713505893945694,693.5916748046875
Monte Albán,-96.77,17.04,675,1.10495924949646,931.6866455078125
Shabik'eshchee Village,-107.89,35.98,600,0.027236130088567734,4.391317844390869
Snaketown 29,-111.92,33.19,600,0.007413715124130249,2.865232467651367
Sunstone Village,-110.02,39.82,675,0.005063370103016496,0.6243369281291962
Wholeplace Village,-109.39,40.49,675,0.03093346580862999,1.9296634197235107
29SJ628,-108.03,36.04,775,0.0285330880433321,4.600428581237793
Aguateca,-90.21,16.39,715,1.2666550874710083,31.696346282958984
"Brandon, Staunch Meadow",0.62,52.45,750,0.001682954141870141,59.686729431152344
Brasstown Valley,-83.86,34.99,750,0,16.60804557800293
CU-ET-39,-99.06,19.6,775,4.094641208648682,5516.638671875
Catholme,-1.72,52.75,750,5.708623886108398,213.4070587158203
Colha,-88.37,17.97,700,0.2525276392698288,21.4348783493042
El Caoba,-90.6,16.47,750,2.245578706264496,74.65728187561035
El Pabellon,-90.55,16.47,750,1.2666550874710083,31.696346282958984
Fish Lake,-90.25,38.48,750,0,4.818141937255859
Flixborough,-0.68,53.62,750,4.214415788650513,164.18767547607422
Hamontun,-89.22,17.34,750,0.03278290282469243,6.4860405921936035
Higham Ferrers,-0.59,52.31,750,2.849937677383423,143.98741149902344
Holmul,-89.27,17.31,750,0.00293544284068048,5.144968032836914
Holmul North,-89.23,17.39,750,0.03278290282469243,6.4860405921936035
Ko,-89.23,17.29,750,0.00293544284068048,5.144968032836914
Kohunlich,-88.79,18.42,750,0.2356211096048355,22.343496322631836
La Nueva,-90.17,13.86,750,4.173022747039795,295.48516845703125
Los Puerquitos,-90.5,16.46,750,1.2666550874710083,31.696346282958984
Nakbe,-89.84,17.68,725,0,1.804904580116272
Nim Li Punit,-88.83,16.32,750,0.015621965751051903,4.215856075286865
Pacbitun,-88.99,17.09,750,0.00293544284068048,5.144968032836914
Palenque,-92.05,17.48,750,3.7061681747436523,223.42938232421875
Polebrook,-0.43,52.47,750,2.849937677383423,143.98741149902344
Pusilha,-89.18,16.11,735.5,0.45776018500328064,31.060752868652344
Range,-90.2,38.52,750,0,4.818141937255859
Saturday Creek,-88.76,17.33,750,0.05352885889199873,9.371219317118326
Snaketown SW,-111.92,33.19,725,0.007766748778522015,3.0016720294952393
TX-ET-4,-98.86,19.57,775,4.094641208648682,5516.638671875
Tikal,-89.62,17.22,750,0.004168374929577112,3.3741745948791504
Vega de la Pista,-90.61,16.5,750,2.245578706264496,74.65728187561035
Xkipche,-89.83,20.3,710,4.373404264450073,622.2294464111328
Xochicalco,-99.3,18.8,775,11.170700073242188,3256.726806640625
Yarnton,-1.31,51.81,750,3.9422154426574707,174.55091349283853
Yaxha,-89.4,17.08,750,0.003551908885128796,4.259571313858032
ZU-ET-12,-99.19,19.91,775,5.0363383293151855,1790.9095458984375
Backhoe Village,-112.1,38.76,800,0.020410312339663506,2.0270726680755615
Bancos Village,-107.45,36.92,856,0.005470832344144583,5.23077917098999
Confluence Site,-111.19,38.82,800,0.003045617835596204,0.497717022895813
Cottenham,0.13,52.3,850,0.0027590643148869276,70.18888092041016
Ephraim 1 (Witch's Knoll),-111.58,39.33,800,0.010873924940824509,2.9393222332000732
Garrison Site,-114.03,38.93,800,0.004368271213024855,1.0352917909622192
Grass Mesa Village,-108.55,37.57,840,0.008629980497062206,3.6631855964660645
Lubaantun,-88.96,16.28,800,0.01663413643836975,4.59911584854126
Nohmul,-88.58,18.22,850,0.26395905017852783,18.77577018737793
Overlook Site,-111.63,37.77,800,0.002703488804399967,1.9274177551269531
Snaketown 29,-111.92,33.19,800,0.008136594202369452,3.144608736038208
Wide Hollow,-111.46,38.63,800,0.010071885772049427,1.829192876815796
Xnaheb,-88.87,16.31,850,0.01663413643836975,4.59911584854126
Aventura,-88.45,18.34,925,0.2891469895839691,20.774621963500977
BBB Motor,-90.03,38.69,975,0.03370123729109764,4.321369171142578
"Bicester, Chape Street",-1.15,51.9,950,5.855062484741211,352.16497802734375
Bishopstone,0.09,50.79,950,2.5249595642089844,247.25315856933594
Botolph Bridge,-0.26,52.56,950,7.9986348152160645,364.0809631347656
Cahokia,-90.06,38.66,975,0.04939762502908707,4.939742803573608
Cheddar,-2.78,51.28,950,10.628911018371582,421.1004943847656
East St. Louis Mounds,-90.15,38.63,975,0.06561044603586197,5.678524494171143
Faccombe Netherton,-1.46,51.32,950,6.72086238861084,378.0184020996094
Goltho,-0.33,53.28,950,4.195717811584473,296.56671142578125
La Lomita,-112.14,33.46,900,0.012921005487442017,4.382635593414307
La Lomita Pequeña,-112,33.45,921.5,0.012921005487442017,4.382635593414307
La Lomita Pequeña,-112,33.45,980,0.012921005487442017,4.382635593414307
Las Colinas,-112.12,33.46,945,0.012921005487442017,4.382635593414307
Portchester Castle,-1.11,50.84,950,7.624403953552246,299.9887390136719
Pueblo Bonito,-107.96,36.06,900,0.03362828120589256,5.421933650970459
Range,-90.2,38.52,975,0.06561044603586197,5.678524494171143
Raunds,-0.53,52.35,950,6.954085350036621,349.889404296875
Rosario,-92.01,15.93,900,5.333645343780518,232.0372314453125
SAS 35,-153.24,57.1,910,NA,NA
Sayil,-89.65,20.18,900,5.101458549499512,531.80224609375
Springfield Lyons,0.51,51.75,950,8.29153060913086,438.56072998046875
Stix and Leaves,-108.65,37.39,900,0.009708727709949017,4.121083736419678
Alexander Jacob,-90.14,38.74,1075,0.06636960804462433,4.667734622955322
Cahokia,-90.07,38.65,1075,0.13122089207172394,6.30947208404541
Divers,-90.26,38.46,1075,0.13122089207172394,6.30947208404541
East St. Louis Mounds,-90.15,38.63,1075,0.13122089207172394,6.30947208404541
George Reeves,-90.24,38.48,1075,0.13122089207172394,6.30947208404541
Honeybee,-110.97,32.45,1050,0.0032639445271342993,2.392500162124634
Kincaid,-88.49,37.08,1050,1.5176632404327393,24.307331085205078
Knoebel,-89.84,38.56,1075,0.04269879311323166,4.761850357055664
Knoebel South,-89.84,38.56,1075,0.04269879311323166,4.761850357055664
Pueblo Alto,-107.96,36.07,1040,0.03736475855112076,6.0243706703186035
Range,-90.2,38.52,1075,0.13122089207172394,6.30947208404541
Salmon Pueblo,-108.03,36.7,1090,0.038726212456822395,8.289137363433838
Snaketown SW,-111.92,33.19,1050,0.010170742869377136,3.9307610988616943
ZU-LT-75,-99.2,19.94,1050,7.362666130065918,2464.177978515625
ZU-LT-81,-99.21,19.91,1050,7.362666130065918,2464.177978515625
ZU-LT-87,-99.15,19.89,1050,7.362666130065918,2464.177978515625
25CC17,-96.14,40.92,1150,0.10622124373912811,8.493102073669434
25DO2,-96.17,41.29,1150,0.16591227054595947,12.285109519958496
25TS2,-96.55,42.15,1150,0.10540927946567535,7.957283020019531
78th Street,-90.07,38.6,1150,0.1413148045539856,6.794816017150879
BH704,-108.09,44.93,1100,0,0.8060178607702255
Beaver (Bradshaw Mound),-112.64,38.28,1175,0.008380187675356865,1.14910888671875
Beaver (George Mounds),-112.64,38.28,1175,0.008380187675356865,1.14910888671875
CA1030,-105.29,43.55,1100,0,0.8385493159294128
CA1329,-105.37,43.99,1100,0,1.237794280052185
CA1617,-105.45,44.4,1100,0,1.5891951322555542
CA1780,-105.26,43.66,1100,0,0.8385493159294128
CA2657,-105.21,43.62,1100,0,0.8385493159294128
CA89,-105.42,43.92,1100,0,1.237794280052185
CO1403,-105.92,43.09,1100,0,0.4624335467815399
CO1410,-105.93,43.06,1100,0,0.4624335467815399
CR112,-106.74,41.87,1100,0,0.806640088558197
CR324,-106.54,42.26,1100,0,0.5765582323074341
Cahokia,-90.06,38.66,1150,0.10639488324522972,5.910803556442261
Centreville,-90.14,38.57,1150,0.1413148045539856,6.794816017150879
Chan Chan,-79.07,-8.11,1125,NA,NA
Divers,-90.26,38.46,1150,0.1413148045539856,6.794816017150879
East St. Louis Mounds,-90.15,38.63,1150,0.1413148045539856,6.794816017150879
Fingers South,-90.15,38.58,1150,0.1413148045539856,6.794816017150879
Five Finger Ridge,-112.34,38.57,1175,0.010203192941844463,2.451859474182129
Glenwood,-95.89,41.18,1150,0.16591227054595947,12.285109519958496
Goose Ditch,-90.14,38.57,1150,0.1413148045539856,6.794816017150879
Grossmann,-89.91,38.57,1125,0.045983314514160156,5.128146171569824
Innocents Ridge,-111.03,39.1,1175,0.004099870100617409,0.6700037121772766
J. Sprague,-89.82,38.54,1125,0.045983314514160156,5.128146171569824
Jewell,-86.06,36.86,1100,0.4673195481300354,23.605459213256836
John H. Faust,-89.82,38.54,1150,0.045983314514160156,5.128146171569824
Julien,-90.15,38.55,1150,0.1413148045539856,6.794816017150879
Kanosh,-112.5,38.82,1175,0.019506623037159443,1.7065467834472656
Kanosh,-112.49,38.76,1175,0.019506623037159443,1.7065467834472656
Marysvale 7,-112.26,38.44,1175,0.010203192941844463,2.451859474182129
Median Village,-112.93,37.81,1175,0.02266586758196354,2.8965580463409424
Miller,-79.09,43.87,1150,0,13.875001907348633
Morris,-87.55,37.29,1150,0.03262167482171208,18.659415245056152
NA1128,-106.95,42.75,1100,0,0.03878338262438774
Nephi Mounds,-111.85,39.75,1175,0.00500602659303695,2.445255994796753
Paragonah Mounds,-112.77,37.89,1175,0.02266586758196354,2.8965580463409424
Parowan Mounds,-113.43,37.99,1175,0.008057192899286747,0.6473665237426758
Range,-90.2,38.52,1150,0.1413148045539856,6.794816017150879
Round Spring Site,-111.42,38.67,1175,0.010182528290897608,2.1739150285720825
SAS 54,-153.24,57.1,1165,NA,NA
SH34,-107.86,44.92,1100,0,0.4850936830043793
Shumway Pueblo,-108.4,36.78,1185,0.037768010050058365,5.182034969329834
Snake Rock Village,-111.35,38.77,1175,0.006806748919188976,1.8854548931121826
Sponemann,-90.04,38.68,1150,0.07258727960288525,5.170869171619415
Summit/Evan's Mound,-112.94,37.8,1175,0.02266586758196354,2.8965580463409424
Turner,-90.1,38.58,1125,0.1413148045539856,6.794816017150879
Turner Look Site,-109.43,39.16,1175,0.014421426691114902,0.9990283846855164
Vaughn Branch,-90.06,38.87,1150,0.07147496193647385,5.026791095733643
Wolf Village,-111.9,39.92,1175,0.00500602659303695,2.445255994796753
13BV1,-95.36,42.88,1250,0.2334730476140976,12.232300758361816
39ST224,-100.53,44.48,1250,0.019999910145998,2.694908618927002
39ST30,-100.53,44.48,1250,0.019999910145998,2.694908618927002
39ST56,-100.53,44.48,1250,0.019999910145998,2.694908618927002
Antrex,-79.66,43.62,1275,0,19.34551429748535
Cahokia,-90.06,38.66,1250,0.11779433861374855,6.5441038608551025
Cerro Prieto,-111.42,32.53,1225,0.0026186213362962008,1.3142054080963135
Chan Chan,-79.07,-8.11,1285,NA,NA
East St. Louis Mounds,-90.15,38.63,1250,0.15645568072795868,7.522831916809082
Faccombe Netherton,-1.46,51.32,1200,13.950233459472656,1437.1470947265625
Fingers South,-90.15,38.58,1250,0.15645568072795868,7.522831916809082
Fingers South,-90.15,38.58,1200,0.15645568072795868,7.522831916809082
Hiwassee Island,-84.99,35.42,1200,0.23012995719909668,14.575654983520508
Julien,-90.15,38.55,1250,0.15645568072795868,7.522831916809082
Kincaid,-88.49,37.08,1250,1.8095215559005737,28.9818172454834
Kincaid,-88.49,37.08,1225,1.8095215559005737,28.9818172454834
Loyd,-90,38.74,1250,0.05704609118402004,4.8495705127716064
Meddler Point,-110.95,33.63,1285,0.0012488202846725471,1.3094761967658997
Moundville,-87.63,33.01,1225,0.14008484780788422,6.366866588592529
Oak Tree House,-108.48,37.16,1200,0.04181458428502083,5.737253189086914
Olin,-90.08,38.9,1250,0.07913299649953842,5.565375804901123
Russell,-90.03,38.84,1250,0.05704609118402004,4.8495705127716064
Sand Canyon,-108.78,37.4,1262.5,0.017203087452799082,4.513417482376099
Sican,-79.79,-6.47,1200,0.7317599058151245,458.037353515625
SunWatch,-84.23,39.72,1250,0.273524671792984,16.840726852416992
Tattenhoe,-0.78,52,1200,14.786030769348145,1338.857666015625
Topoxte,-89.42,17.06,1275,0.006453064735978842,8.739794731140137
Toqua,-84.18,35.56,1250,0.03808533027768135,9.160948753356934
Town Creek,-79.93,35.18,1250,0.3910205811262131,11.480062007904053
Westbury,-1.1,52.02,1200,14.786030769348145,1338.857666015625
Xundhurgaal,48.89,8.78,1250,0,29.817899703979492
32SI19,-101.25,46.19,1350,0.002363830339163542,0.35575374960899353
39BF11,-99.25,44.06,1350,0.013482616282999516,2.9765055179595947
39HU1,-100.09,44.32,1300,0.013123938580974936,2.328335404396057
CH-AZ-127,-98.9,19.16,1360,15.84023904800415,8450.116455078125
CH-AZ-128,-98.89,19.17,1360,15.84023904800415,8450.116455078125
CH-AZ-162,-98.89,19.19,1360,15.84023904800415,8450.116455078125
CH-AZ-190,-98.92,19.25,1360,8.78665828704834,10626.763671875
CH-AZ-280,-99,19.25,1360,8.78665828704834,10626.763671875
CU-AZ-214,-99.07,19.61,1360,8.78665828704834,10626.763671875
CU-AZ-218,-99.07,19.63,1360,8.78665828704834,10626.763671875
CU-AZ-247,-99.06,19.6,1360,8.78665828704834,10626.763671875
CU-AZ-254,-99.04,19.6,1360,8.78665828704834,10626.763671875
Capilco A,-99.24,18.78,1365,22.89381980895996,6273.46923828125
Cerro Azul,-76.49,-13.03,1385,NA,NA
Charali,-67.68,-19.81,1325,0.08916167914867401,60.07079315185547
Chiconautla,-99,19.63,1360,8.78665828704834,10626.763671875
Cihuatecpan,-98.7,19.71,1360,11.32401704788208,4690.3740234375
Cuexcomate A,-99.25,18.79,1365,22.89381980895996,6273.46923828125
Cuitlahuac,-99,19.26,1360,8.78665828704834,10626.763671875
Ecatepec,-99.06,19.6,1360,8.78665828704834,10626.763671875
Elliot Village II,-79.27,43.8,1325,NA,NA
Elliot Village III,-79.27,43.8,1325,NA,NA
Estuquina,-70.92,-17.16,1381,0.22456035017967224,164.83226013183594
Furnace Brook,-76.16,43.03,1335,0,16.98499298095703
Holly,-79.73,44.34,1350,0,14.656282424926758
Huanopatapampa,-67.65,-19.51,1300,0.08916167914867401,60.07079315185547
Huexotla,-98.86,19.47,1360,8.78665828704834,10626.763671875
Hueypoxtla,-99.09,19.91,1360,11.008079528808594,3449.84912109375
Incali,-67.73,-19.88,1325,0.08916167914867401,60.07079315185547
Ireland,-79.83,43.39,1325,0,22.593290328979492
Ixtapaluca Viejo,-98.89,19.34,1360,8.78665828704834,10626.763671875
Jach'a Pucara,-67.72,-19.79,1325,0.08916167914867401,60.07079315185547
Jilotzingo,-99.07,19.85,1360,11.008079528808594,3449.84912109375
Jirira,-67.55,-19.85,1325,0.25769811123609543,86.34728240966797
Julien,-90.15,38.55,1350,0.16907307505607605,8.129511833190918
Lembke 2,-89.81,38.54,1300,0.05501575022935867,6.13546085357666
Loma Bajala,-67.74,-19.82,1300,0.08916167914867401,60.07079315185547
Marquiri,-67.69,-19.55,1325,0.08916167914867401,60.07079315185547
Murmuntani,-67.75,-19.81,1325,0.08916167914867401,60.07079315185547
New,-79.22,43.86,1325,0,18.500001907348633
Otumba,-98.76,19.69,1360,9.729599952697754,7801.005859375
Pucara Loma,-67.59,-19.89,1325,0.08916167914867401,60.07079315185547
Pucara Loma Acalaya,-67.87,-19.76,1325,0.08916167914867401,60.07079315185547
Robb,-79.25,43.84,1375,0,18.500001907348633
SAS 105,-153.24,57.1,1300,NA,NA
SAS 126.1,-153.24,57.1,1300,NA,NA
SAS 133,-153.24,57.1,1300,NA,NA
SAS 53.2,-153.24,57.1,1300,NA,NA
SAS 8,-153.24,57.1,1355,NA,NA
San Antonio,-70.93,-17.22,1388.5,0.22456035017967224,164.83226013183594
Serena,-79.89,43.2,1325,0,23.077421188354492
Sivingani,-67.62,-19.63,1325,0.08916167914867401,60.07079315185547
TE-AZ-101,-98.72,19.73,1360,10.610692977905273,5864.3402099609375
TE-AZ-103,-98.71,19.72,1360,11.32401704788208,4690.3740234375
TE-AZ-124,-98.79,19.79,1360,11.491786003112793,3927.674560546875
TE-AZ-13,-98.94,19.62,1360,8.78665828704834,10626.763671875
TE-AZ-18,-98.92,19.71,1360,9.897368907928467,7038.306396484375
TE-AZ-19,-98.9,19.7,1360,9.897368907928467,7038.306396484375
TE-AZ-224,-98.84,19.78,1360,9.897368907928467,7038.306396484375
TE-AZ-27,-98.88,19.62,1360,8.78665828704834,10626.763671875
TE-AZ-28,-98.87,19.62,1360,8.78665828704834,10626.763671875
TE-AZ-37,-98.73,19.66,1360,9.729599952697754,7801.005859375
TE-AZ-38,-98.72,19.65,1360,9.729599952697754,7801.005859375
TE-AZ-40,-98.86,19.8,1360,11.008079528808594,3449.84912109375
TE-AZ-41,-98.87,19.8,1360,11.008079528808594,3449.84912109375
TE-AZ-43,-98.87,19.79,1360,11.008079528808594,3449.84912109375
TE-AZ-45,-98.83,19.78,1360,9.897368907928467,7038.306396484375
TE-AZ-5,-98.95,19.61,1360,8.78665828704834,10626.763671875
TE-AZ-51,-98.84,19.77,1360,9.897368907928467,7038.306396484375
TE-AZ-57,-98.76,19.66,1360,9.729599952697754,7801.005859375
TE-AZ-59,-98.76,19.64,1360,9.729599952697754,7801.005859375
TE-AZ-71,-98.77,19.64,1360,9.729599952697754,7801.005859375
TE-AZ-73,-98.72,19.67,1360,9.729599952697754,7801.005859375
TE-AZ-74,-98.7,19.67,1360,10.672541618347168,4975.248046875
TE-AZ-75,-98.7,19.66,1360,10.672541618347168,4975.248046875
TE-AZ-76,-98.7,19.66,1360,10.672541618347168,4975.248046875
TE-AZ-77,-98.7,19.68,1360,10.672541618347168,4975.248046875
TE-AZ-78,-98.69,19.68,1360,10.672541618347168,4975.248046875
TE-AZ-82,-98.69,19.68,1360,10.672541618347168,4975.248046875
TE-AZ-83,-98.69,19.67,1360,10.672541618347168,4975.248046875
TE-AZ-84,-98.69,19.69,1360,10.672541618347168,4975.248046875
TE-AZ-85,-98.74,19.66,1360,9.729599952697754,7801.005859375
TE-AZ-86,-98.74,19.65,1360,9.729599952697754,7801.005859375
TX-A-25,-98.8,19.58,1360,9.729599952697754,7801.005859375
TX-A-26,-98.78,19.59,1360,9.729599952697754,7801.005859375
TX-A-27,-98.78,19.57,1360,9.729599952697754,7801.005859375
TX-A-28,-98.77,19.58,1360,9.729599952697754,7801.005859375
TX-A-30,-98.76,19.56,1360,9.729599952697754,7801.005859375
TX-A-31,-98.77,19.55,1360,9.729599952697754,7801.005859375
TX-A-32,-98.78,19.55,1360,9.729599952697754,7801.005859375
TX-A-34,-98.77,19.57,1360,9.729599952697754,7801.005859375
TX-A-38,-98.81,19.56,1360,8.78665828704834,10626.763671875
TX-A-39,-98.76,19.57,1360,9.729599952697754,7801.005859375
TX-A-40,-98.83,19.56,1360,8.78665828704834,10626.763671875
TX-A-59,-98.81,19.48,1360,8.78665828704834,10626.763671875
TX-A-60,-98.8,19.49,1360,9.729599952697754,7801.005859375
TX-A-69,-98.81,19.52,1360,8.78665828704834,10626.763671875
TX-A-72,-98.79,19.53,1360,9.729599952697754,7801.005859375
TX-A-73,-98.77,19.54,1360,9.729599952697754,7801.005859375
TX-A-76,-98.79,19.51,1360,9.729599952697754,7801.005859375
TX-A-78,-98.78,19.5,1360,9.729599952697754,7801.005859375
TX-A-80,-98.79,19.49,1360,9.729599952697754,7801.005859375
Tastil,-65.96,-24.45,1375,0,6.34518575668335
Tenochtitlan-Tlatelolco,-99.13,19.43,1360,8.78665828704834,10626.763671875
Tepetlaoxtoc,-98.82,19.59,1360,8.78665828704834,10626.763671875
Tlaxcallan,-98.23,19.33,1387.5,10.672541618347168,4975.248046875
Tunanmarca,-75.6,-11.72,1365,0.08190600387752056,396.5926513671875
Umpamalca,-75.6,-11.75,1365,0.08190600387752056,396.5926513671875
Uren,-80.59,42.95,1337.5,0,20.81465721130371
Warren Wilson,-82.44,35.61,1350,0.16041333973407745,13.80398178100586
Wharram Percy,-0.69,54.07,1300,13.011634826660156,1698.8615112304688
XO-AZ-47,-99.07,19.28,1360,8.78665828704834,10626.763671875
XO-AZ-49,-99.08,19.29,1360,8.78665828704834,10626.763671875
Xico,-98.93,19.26,1360,8.78665828704834,10626.763671875
ZU-AZ-37,-99.12,19.98,1360,11.008079528808594,3449.84912109375
ZU-AZ-79,-99.05,19.92,1360,11.008079528808594,3449.84912109375
ZU-AZ-99,-99.07,19.9,1360,11.008079528808594,3449.84912109375
Zacualpa,-90.2,15.1,1390,0.04080498591065407,462.0193176269531
Zvongombe South,31.21,-16.24,1398,0.39125293493270874,51.02048873901367
32MO11,-101.43,46.68,1450,6.713501352351159e-5,0.38954704999923706
39CO1,-101.15,45.71,1450,0.0035249795764684677,2.2552003860473633
Agua Rica,-68.36,-18.2,1425,0.14490671455860138,108.34542846679688
Alexandra,-79.31,43.82,1417.5,NA,NA
Caillama,-69.58,-18.4,1425,0.005641775671392679,12.378317832946777
Campo Grande,-68.45,-18.25,1425,0.22999019175767899,108.17477035522461
Capilco B,-99.24,18.78,1476,25.595977783203125,6870.94287109375
Capillo,-67.65,-19.52,1450,0.09097310900688171,64.69146728515625
Carson,-79.73,44.43,1450,0,16.488317489624023
Cauinal,-90.6,15.25,1450,0.4349443968385458,550.12725830078125
Cosapilla,-69.57,-18.39,1425,0.005641775671392679,12.378317832946777
Coweeta Creek,-83.38,35.09,1450,0.03507447987794876,34.574806213378906
Cuexcomate B,-99.25,18.79,1476,25.595977783203125,6870.94287109375
Dallas,-85.14,35.19,1412.5,0.49723968654870987,30.963242530822754
Dunsmore,-79.72,44.43,1410,0,16.488317489624023
Dyar,-83.27,33.6,1412.5,1.5785889625549316,35.17213439941406
Grandview,-78.84,43.93,1425,0,20.812503814697266
Great Zimbabwe,30.93,-20.27,1475,0.01078842394053936,25.42896842956543
Hatunmarca,-75.57,-11.75,1481.5,0.1242634505033493,493.9733581542969
Honokalani,-156,20.79,1400,NA,NA
Hope (N),-79.52,43.89,1490,0,22.21511459350586
Hope (S),-79.51,43.89,1490,0,22.21511459350586
Huaihuarani,-69.54,-18.48,1425,0.005641775671392679,12.378317832946777
Huanuco Pampa,-76.82,-9.87,1491,0.0021459811832755804,179.50167846679688
Huaylillas,-68.75,-18.06,1425,0.08964614197611809,89.39628982543945
Joseph Picard,-79,43.95,1455,0,20.812503814697266
Kawaihai 2,-155.82,20.02,1400,NA,NA
Kawaipapa,-155.99,20.75,1400,NA,NA
Keahuolu,-156.03,19.65,1400,0.0045436653308570385,22.384735107421875
La'gi,-131.01,52.13,1468.5,NA,NA
Laco Alto,-69.59,-18.4,1425,0.005641775671392679,12.378317832946777
Lupica,-69.53,-18.51,1425,0.005641775671392679,12.378317832946777
Marca,-75.51,-11.75,1481.5,0.1242634505033493,493.9733581542969
Mohopilo,-156.45,20.64,1400,NA,NA
Morohuasi,-65.76,-24.32,1492.5,0,6.833276748657227
Muozi,32.64,-18.14,1475,0.04723367467522621,58.991424560546875
Nhunguza,31.24,-17.38,1456.5,0.07813086174428463,46.78330421447754
Ollantaytambo,-72.26,-13.26,1493.5,0.004606294445693493,221.67425537109375
Pahoehoe,-155.89,19.32,1400,0.0045436653308570385,22.384735107421875
SAS 81,-153.24,57.1,1482,NA,NA
Saxamar,-69.53,-18.54,1425,0.005641775671392679,12.378317832946777
Si'ndaskun,-131,52.11,1468.5,NA,NA
Site V,32.75,-18.3,1475,0.08198575489223003,67.457305908203125
Site XXVIIID,NA,NA,1475,NA,NA
Site XXX1,NA,NA,1475,NA,NA
Toqua,-84.18,35.56,1460,0.04545668512582779,10.934035301208496
Wakiu,-156,20.79,1400,NA,NA
White Lower,-79.18,43.92,1425,0,20.812503814697266
Yautepec,-99.07,18.88,1476,25.595977783203125,6870.94287109375
Ziwa,32.64,-18.14,1475,0.04723367467522621,58.991424560546875
Ziwa Site IV,32.75,-18.3,1475.5,0.08198575489223003,67.457305908203125
32BL9,-100.52,46.98,1525,0.006507971789687872,0.49841323494911194
9GE901,-83.2,33.44,1550,1.7065826654434204,38.02392578125
9GE903,-83.2,33.44,1525,1.7065826654434204,38.02392578125
Ancopachane,-69.53,-18.47,1500,0.005663842428475618,13.262483596801758
Benson,-78.93,44.62,1575,0.0024615556467324495,16.079957962036133
Brasstown Valley,-83.86,34.99,1525,0.07601327449083328,33.45943069458008
Coulter,-78.89,44.59,1537.5,0.0024615556467324495,16.079957962036133
Damiani,-79.6,43.85,1537.5,0.0032811432611197233,26.159955978393555
Draper,-79.17,43.94,1537.5,0.002708944957703352,23.125003814697266
Dyar,-83.27,33.6,1550,1.7065826654434204,38.02392578125
Garoga,-74.53,43.01,1565,0,21.973976135253906
Hitiuira,-109.29,-27.1,1500,NA,NA
Jean-Baptiste Lainé,-79.24,43.96,1595,0.002708944957703352,23.125003814697266
Kayuna Pampa,-68.68,-19.56,1510,0.18606694042682648,88.80720520019531
Keffer,-79.5,43.83,1537.5,0.0032811432611197233,26.159955978393555
King,-85.39,34.2,1537.5,0.6158968508243561,29.9116268157959
LA72746,-107.73,36.85,1585.5,0.02718268893659115,11.528361320495605
LA72787,-107.66,36.8,1585,0.02718268893659115,11.528361320495605
LA78171,-107.76,36.78,1536.5,0.02718268893659115,11.528361320495605
La Huerta,-65.22,-23.46,1500,0.003695331048220396,10.082935333251953
Matakawau Pa / Stingray Point Pa,175.78,-36.61,1525,NA,NA
Maungarei Pa/ Mt Wellington Pa,174.85,-36.89,1525,0.007697712164372206,197.52320861816406
Maungawhau Pa / Mt Eden Pa,174.76,-36.88,1525,0.007697712164372206,197.52320861816406
McNair,-79.48,43.88,1537.5,0.0032811432611197233,26.159955978393555
Molson,-79.69,44.34,1590,0.0022843428887426853,18.32035255432129
Ngatimo & Marama,-109.39,-27.16,1500,NA,NA
Ngaungau Pa / Poor Hill,173.87,-35.31,1525,2.2377661662176251e-4,8.48547077178955
Ohinerau Pa / Mt Hobson Pa,174.79,-36.88,1525,0.007697712164372206,197.52320861816406
Orongo & Haumoana,-109.42,-27.19,1500,NA,NA
Pa,175.17,-36.88,1525,NA,NA
Poutukiterangi Pa,174.36,-35.41,1525,2.2377661662176251e-4,8.48547077178955
Pucará de Tilcara,-65.4,-23.59,1525,0.003914413042366505,13.58004379272461
Raymond Reid,-80.11,43.47,1525,0.005347106605768204,31.397451400756836
Rymer,-84.79,35.32,1512.5,0.5028397440910339,19.994298934936523
SAS 11,-153.24,57.1,1582,NA,NA
SAS 112,-153.24,57.1,1582,NA,NA
SAS 140,-153.24,57.1,1582,NA,NA
SAS 25,-153.24,57.1,1507.5,NA,NA
SAS 77,-153.24,57.1,1582,NA,NA
SAS 87,-153.24,57.1,1582,NA,NA
SAS 9,-153.24,57.1,1582,NA,NA
SAS 97.2,-153.24,57.1,1582,NA,NA
Southwold,-81.36,42.67,1510,0.0028107869438827038,21.517070770263672
Titikopuke Pa / Mt St John Pa,174.78,-36.88,1525,0.007697712164372206,197.52320861816406
Torata Alta,-70.83,-17.08,1595,0.11558890365995467,167.19784545898438
Zacpeten,-89.66,16.99,1550,0.009116008877754211,9.74377727508545
Antincurahuara,-68.45,-18.29,1600,0.18894606083631516,103.03087997436523
Asiento San Antonio,-66.53,-21.52,1650,0.29181036353111267,128.0196533203125
Ball,-79.57,44.65,1617.5,0.003986983560025692,18.32035255432129
Bidmead,-79.66,44.68,1617.5,0.003986983560025692,18.32035255432129
Bogle I,-80.02,43.38,1635.5,0.008209019200876355,31.568232536315918
Hamilton,-80.05,43.38,1644,0.009118847859402498,32.8788267771403
Hood,-80.02,43.4,1637.5,0.008209019200876355,31.568232536315918
Jean-Baptiste Lainé,-79.24,43.96,1605,0.005122828297317028,23.125003814697266
SAS 126.2,-153.24,57.1,1633.5,NA,NA
Lower Chivos,-113.61,31.75,1700,0.08445630967617035,12.448217391967773
Ojo de Cuervos,-113.44,31.67,1700,0.08445630967617035,12.448217391967773
Tinaja Ojo de Iitoy,-113.42,31.76,1700,0.08445630967617035,12.448217391967773
Tule,-113.6,31.77,1700,0.08445630967617035,12.448217391967773
Upper Chivos,-113.6,31.75,1700,0.08445630967617035,12.448217391967773
Chota-Tanase HI,-84.13,35.55,1712.5,0.055285096168518066,10.107911109924316
Toqua,-84.18,35.56,1712.5,0.055285096168518066,10.107911109924316
Townsend,-83.78,35.68,1712.5,0.2593148872256279,16.241935968399048
32RM1,-97.66,46.46,1752,0.014150498434901237,0.41592293977737427
Matendera,31.68,-19.38,1750,0.6652020215988159,166.4651641845703
SW2613,-107.54,42.24,1750,0,0.37192167341709137
Mialoquo,-84.23,35.61,1768,0.10648703575134277,24.6479549407959
5 mi. W of Big Bead,-107.31,35.49,1778.5,0.006222830154001713,1.7021944522857666
Big Bead Mesa,-107.22,35.49,1778.5,0.006222830154001713,1.7021944522857666
Chahclellah,-122.13,45.59,1778,0.056653134524822235,9.05777359008789
Gb-To-28,-130.37,54.27,1790,0,5.341952323913574
Gb-To-6,-130.34,54.33,1790,0,5.341952323913574
Gb-To-7,-130.41,54.33,1790,0,5.341952323913574
Gb-To-8,-130.34,54.33,1790,0,5.341952323913574
Gc-To-51,-130.48,54.36,1790,0,5.341952323913574
Kitandacli,-130.42,54.33,1790,0,5.341952323913574
Laxmasxwm'ol,-130.4,54.32,1790,0,5.341952323913574
32ME15,-101.73,47.28,1807.5,0.008780530653893948,0.4471547603607178
Gitkaxdzawk,-128.43,54.62,1800,0.007414874155074358,5.264357566833496
Gitsaex,-128.43,54.62,1800,0.007414874155074358,5.264357566833496
SAS 10,-153.24,57.1,1807.5,NA,NA
Songo,32.78,-15.62,1800,0.14255769550800323,238.0713348388672
39CO9,-101.15,45.71,1817.5,0.0057723643258214,1.9846304655075073
SAS 114,-153.24,57.1,1825.5,NA,NA
Qai'dju,-131.01,52.22,1837.5,NA,NA
SgA'ngwa-i,-131.22,52.1,1837.5,NA,NA
32ME16,-101.73,47.28,1858,0.008546175435185432,0.4920767545700073
32ML2,-101.49,47.5,1858,0.01812000758945942,0.4954302906990051
DeSh 1,-125.17,48.82,1865,NA,NA
DeSh 2,-125.17,48.82,1865,NA,NA
DfDh 7,-125.19,48.85,1865,NA,NA
Orayvi,-110.64,35.88,1888.5,0.004739520139992237,3.5053858757019043
Karundjo,144.35,-4,1913,2.33748459815979,180.27435302734375
Malu,142.86,-4.24,1913,1.7411520592868328,132.56312942504883
Laqaya Uta,-67.64,-19.84,1930,0.013282239437103271,88.91014862060547
"Ak, Old Kwieftim village",141.78,-3.6,1960,0.17267939820885658,96.74703598022461
!Kung camps,21.02,-19.05,1970,0.9174156188964844,35.71845626831055
"Yabio, Iatmul, Kararau village",143.34,-4.21,1972.5,5.6027382761240005,498.35213470458984
"Iatmul, Kanganaman village",143.27,-4.18,1974,6.076813526451588,526.8879623413086
"Yangoru Boiken, Sima village",143.32,-3.62,1980,14.023816108703613,1080.7711181640625
